id,subreddit,title,selftext,created_utc,created_dt,num_comments,score,permalink,url,full_text,keep,exclude
1soczu1,f1visa,CBP Entry at Airport,"Hi everyone, I wanted to ask what you guys think is the most probable outcome in my situation, and if anyone here has gone through something similar.

I was studying in the U.S. at a top 50 university on an F-1 visa, but I got into serious academic misconduct. Because of that, I was placed on a one-term academic suspension, and my SEVIS record was terminated with the reason listed as “academic suspension.”

Now, my school has allowed me to return starting Fall 2026, and I’ve been issued a new I-20 from the same institution to continue my studies.

My university’s international office told me that CBP officers will be able to see the reason for my previous SEVIS termination when I try to enter the U.S. this August.

So I just wanted to ask:

What do you guys think is the most probable scenario at the port of entry?

Do you think CBP is likely to allow entry in a case like this?

Or is this something that commonly leads to denial?

Also, if anyone has personal experience with re-entering after a SEVIS termination (especially due to academic suspension or misconduct), I’d really appreciate if you could share what happened in your case.

I know I messed up, and I’m not trying to justify anything — just trying to understand realistically what I might face when I arrive.

Thanks guys!",1776458559.0,2026-04-17T20:42:39,1,3,/r/f1visa/comments/1soczu1/cbp_entry_at_airport/,https://www.reddit.com/r/f1visa/comments/1soczu1/cbp_entry_at_airport/,"cbp entry at airport
hi everyone, i wanted to ask what you guys think is the most probable outcome in my situation, and if anyone here has gone through something similar.

i was studying in the u.s. at a top 50 university on an f-1 visa, but i got into serious academic misconduct. because of that, i was placed on a one-term academic suspension, and my sevis record was terminated with the reason listed as “academic suspension.”

now, my school has allowed me to return starting fall 2026, and i’ve been issued a new i-20 from the same institution to continue my studies.

my university’s international office told me that cbp officers will be able to see the reason for my previous sevis termination when i try to enter the u.s. this august.

so i just wanted to ask:

what do you guys think is the most probable scenario at the port of entry?

do you think cbp is likely to allow entry in a case like this?

or is this something that commonly leads to denial?

also, if anyone has personal experience with re-entering after a sevis termination (especially due to academic suspension or misconduct), i’d really appreciate if you could share what happened in your case.

i know i messed up, and i’m not trying to justify anything — just trying to understand realistically what i might face when i arrive.

thanks guys!",True,False
1s4s8f0,f1visa,"Looking for advice: Can I get a visa again after a ""petit theft"" incident in 2023?","
Hey guys, please don’t judge me. Just hear me out, if anyone has gone through something similar, I’d really appreciate your experience and input.

I had a J1 visa (Work &amp; Travel) for about 5 years throughout college. I only went during the summers, but in my final year, I messed up. I shoplifted something from Walmart; I thought it’d be easy, but I got caught. It wasn't as dramatic as you might imagine—the cops were actually pretty nice about it. I was charged with ""petit theft."" Long story short, they just gave me a pink slip and told me I had to appear to see  a judge. They let me go home right away; no handcuffs, no jail time, no fingerprints, nothing like that. In the end, I didn't even have to see the judge; I just went to the office, paid a fine (around $200, I don't remember exactly), and took an online course about making better choices. This has been the only legal trouble I’ve ever had. This happened 3 years ago, in the summer of 2023.

After that, I returned to Mexico. My visa was never revoked while I was there, and I haven't had any other issues since.

My question is: I’d like to apply for a new visa, either for community college F1 or a TN visa since I’m an engineering graduate. However, I’m not sure if I’ll be denied due to immigration policies. Has anyone been through something similar and managed to go back?

I really like the lifestyle over there, I even had a girlfriend and everything. I’d love to return lol. Like I said, please don't judge; I’m just looking for advice on what to do in my current situation. Repeat that was 3 years ago, and today im 28 years old.
 Thanks for your help and God bless you all. ;)",1774579897.0,2026-03-27T02:51:37,7,0,/r/f1visa/comments/1s4s8f0/looking_for_advice_can_i_get_a_visa_again_after_a/,https://www.reddit.com/r/f1visa/comments/1s4s8f0/looking_for_advice_can_i_get_a_visa_again_after_a/,"looking for advice: can i get a visa again after a ""petit theft"" incident in 2023?

hey guys, please don’t judge me. just hear me out, if anyone has gone through something similar, i’d really appreciate your experience and input.

i had a j1 visa (work &amp; travel) for about 5 years throughout college. i only went during the summers, but in my final year, i messed up. i shoplifted something from walmart; i thought it’d be easy, but i got caught. it wasn't as dramatic as you might imagine—the cops were actually pretty nice about it. i was charged with ""petit theft."" long story short, they just gave me a pink slip and told me i had to appear to see  a judge. they let me go home right away; no handcuffs, no jail time, no fingerprints, nothing like that. in the end, i didn't even have to see the judge; i just went to the office, paid a fine (around $200, i don't remember exactly), and took an online course about making better choices. this has been the only legal trouble i’ve ever had. this happened 3 years ago, in the summer of 2023.

after that, i returned to mexico. my visa was never revoked while i was there, and i haven't had any other issues since.

my question is: i’d like to apply for a new visa, either for community college f1 or a tn visa since i’m an engineering graduate. however, i’m not sure if i’ll be denied due to immigration policies. has anyone been through something similar and managed to go back?

i really like the lifestyle over there, i even had a girlfriend and everything. i’d love to return lol. like i said, please don't judge; i’m just looking for advice on what to do in my current situation. repeat that was 3 years ago, and today im 28 years old.
 thanks for your help and god bless you all. ;)",True,False
1rs6px7,f1visa,Fined by CBP for forgetting to declare food,I got fined by CBP for failing to declare food (it was a ham sandwich). I was traveling with my gf and helping her carry the food so I didn't know what was actually in the bag. I know I messed up and it's completely my fault and I got find $175. Is this going to affect my visa and am I going to be put into secondary a lot more now when I travel? Would appreciate any insights.,1773357532.0,2026-03-12T23:18:52,4,4,/r/f1visa/comments/1rs6px7/fined_by_cbp_for_forgetting_to_declare_food/,https://www.reddit.com/r/f1visa/comments/1rs6px7/fined_by_cbp_for_forgetting_to_declare_food/,"fined by cbp for forgetting to declare food
i got fined by cbp for failing to declare food (it was a ham sandwich). i was traveling with my gf and helping her carry the food so i didn't know what was actually in the bag. i know i messed up and it's completely my fault and i got find $175. is this going to affect my visa and am i going to be put into secondary a lot more now when i travel? would appreciate any insights.",True,False
