id,subreddit,title,selftext,created_utc,created_dt,num_comments,score,permalink,url
10ru9kx,Visa,THIS SUBREDDIT IS CLOSED. POST TO /R/VISAS INSTEAD.,This subreddit is closed. Post to /r/visas instead.,1675356031.0,2023-02-02T16:40:31,3,4,/r/Visa/comments/10ru9kx/this_subreddit_is_closed_post_to_rvisas_instead/,https://www.reddit.com/r/Visa/comments/10ru9kx/this_subreddit_is_closed_post_to_rvisas_instead/
2n65t2,Visa,Getting married on a U.S. Tourist visa,I wanna marry my girlfriend in America but des a chinese citizen. Would she be able to come to America and get married in a tourist visa if she then goes back to China after?,1416756348.0,2014-11-23T15:25:48,2,3,/r/Visa/comments/2n65t2/getting_married_on_a_us_tourist_visa/,https://www.reddit.com/r/Visa/comments/2n65t2/getting_married_on_a_us_tourist_visa/
2mxgj9,Visa,Will the new immigration reform be an obstacle to my already approved visa petition?,"I'm going to the U.S. embassy in my home country next week to get my VISA into my passport. Should I be worried about the current news having any effect the process? It has already been granted by the department of homeland security.

Yes i'm a normally paranoid person.",1416527448.0,2014-11-20T23:50:48,1,2,/r/Visa/comments/2mxgj9/will_the_new_immigration_reform_be_an_obstacle_to/,https://www.reddit.com/r/Visa/comments/2mxgj9/will_the_new_immigration_reform_be_an_obstacle_to/
2i006h,Visa,Exit visa for a Iranian Girl to Italy,"Hello, I am with a Iranian girl since almost 3 years and since 1 year and half we are all fighting to find a visa.

I have read here about applying in Turkey or Dubai ? Can anyone explain how it works ?

thanks a lot",1412178724.0,2014-10-01T15:52:04,3,2,/r/Visa/comments/2i006h/exit_visa_for_a_iranian_girl_to_italy/,https://www.reddit.com/r/Visa/comments/2i006h/exit_visa_for_a_iranian_girl_to_italy/
2bkt6k,Visa,"Is this subreddit for VISA-brand credit cards or for visas, as in travel documents?",Looking for the one about travel docs.,1406189307.0,2014-07-24T08:08:27,0,2,/r/Visa/comments/2bkt6k/is_this_subreddit_for_visabrand_credit_cards_or/,https://www.reddit.com/r/Visa/comments/2bkt6k/is_this_subreddit_for_visabrand_credit_cards_or/
26h0du,Visa,Help with a Visa to USA,"We have had an exchange student here for the past 10 months. She would like to come back next year as a student at the school and stay with us, but not go through the exchange program, as it is quite expensive.

She is from South Korea, and she would be staying in Maine. She has had trouble finding out exactly what she would need to do. She is 16 years old, and will be a junior in high school next year. Does anyone have an idea of what needs to be done? Any advice would be really helpful.

Thanks!",1401053002.0,2014-05-25T21:23:22,1,2,/r/Visa/comments/26h0du/help_with_a_visa_to_usa/,https://www.reddit.com/r/Visa/comments/26h0du/help_with_a_visa_to_usa/
22i38h,Visa,question about visa - USA,"Hey reddit,

I'm married to an army soldier who is currently stationed in Afghanistan. I live in Germany, just finished nursing school and had planned to move to the US right after that. After we got married two years ago, we applied for a visa last year in August. It's still processing and due to the fact that I wouldn't move earlier than July anyway (that's when he gets back to the US) really frustrating. Now my question is: could I just move to the US anyway and wait there for the visa to process? Or won't they let me travel to the US cause I already have plans to stay permanent (visa)? Is it even legal? ",1396946297.0,2014-04-08T08:38:17,0,1,/r/Visa/comments/22i38h/question_about_visa_usa/,https://www.reddit.com/r/Visa/comments/22i38h/question_about_visa_usa/
21k8lh,Visa,Walmart Suing Visa Over Credit Card Swipe Fees,,1395973722.0,2014-03-28T02:28:42,0,1,/r/Visa/comments/21k8lh/walmart_suing_visa_over_credit_card_swipe_fees/,http://www.huffingtonpost.com/2014/03/27/walmart-suing-visa-credit-card-swipe_n_5045295.html?utm_hp_ref=business&amp;icid=maing-grid7%7Cmain5%7Cdl6%7Csec1_lnk2%26pLid%3D458498
1unfoi,Visa,Can I visit an American Airbase in Germany with my F-Visa?,"Hey,

I'm proud owner of a F-Visa and fairly close to my hometown there is an American Airbase. Can i enter it with my visa?

Thanks!",1389127161.0,2014-01-07T20:39:21,0,1,/r/Visa/comments/1unfoi/can_i_visit_an_american_airbase_in_germany_with/,https://www.reddit.com/r/Visa/comments/1unfoi/can_i_visit_an_american_airbase_in_germany_with/
1p6oad,Visa,Prepaid Visa Gift Card Overcharged?,"Earlier today I went grocery shopping and the total came to just over $200. I had gotten one of those prepaid Visa gift cards for some holiday and had used roughly $44 of the $50 originally on the card. I asked the cashier if I could use what was on the card and pay the remaining balance. The cashier said they do it all the time and the money left on the card will deduct and show the new total. So he ran it and the entire amount was approved on the card. I told him there was only $6 or so left on the card, so the whole $200+ couldn't have gone on the gift card alone. He said that was one of the loopholes on the system. 

Has this ever happened to anyone? I'm having a panic attack that Visa will track me down through my grocery rewards card and send me an outrageous bill that includes interest and ridiculous attorney fees. Everywhere I've looked said this is impossible because the card won't approve transactions above what is on the card. I found one post where someone said she called the Visa number listed on the back of the card and they told her they can't go after her because the merchants system should have caught it. 

I would think I wouldn't be held liable because I thought the merchants system would catch it and I told the cashier about it beforehand, but since credit card companies rarely give the consumer the benefit if the doubt I'm afraid that I, or maybe even the purchaser of the gift card, will be hit with a bill. Now I'm not asking for legal advice and if I'm posting my question in the wrong sub, please let me know. I'm just looking to see if this has happened to anyone else and what became of it. ",1382696173.0,2013-10-25T10:16:13,0,1,/r/Visa/comments/1p6oad/prepaid_visa_gift_card_overcharged/,https://www.reddit.com/r/Visa/comments/1p6oad/prepaid_visa_gift_card_overcharged/
1aaypk,Visa,Question,"So I went to buy a Visa Vanilla (gift card) for my gf, but I accidentally bought a Visa Vanilla debit card, which requires registration.

Is there any way these two can be interchanged? I'm kinda freaking out cause it looks like I just wasted $50.",1363291259.0,2013-03-14T20:00:59,0,1,/r/Visa/comments/1aaypk/question/,https://www.reddit.com/r/Visa/comments/1aaypk/question/
15lu17,Visa,Prepaid vanilla visa. Vary unhappy with it right now. ,"Ok so i got a $250 vanilla prepaid visa yesterday. I waited the 24 hours for the funds to be available. Still was declined. Then i went to visaprepaidcanada.com (its something like that) put all the info in and it comes up says that my card was not in there data base or something. Then i go to vanillavisa.com and go to gift card. Nothing asking to register, so i go to check how much i have on it thinking it might prompt me (witch it does not) it just tells me that my card is in valid. Iv tried ten times. I then try and call them to witch i get no response just a machine telling me the card number is invalid. Very very pissed off right meow with vanillavisa. Is there anything that i'm doing wrong be fore i through it out. ",1356749890.0,2012-12-29T02:58:10,1,2,/r/Visa/comments/15lu17/prepaid_vanilla_visa_vary_unhappy_with_it_right/,https://www.reddit.com/r/Visa/comments/15lu17/prepaid_vanilla_visa_vary_unhappy_with_it_right/
15i7vs,Visa,Prepaid visa. ,Do they work on every on line sight as ling as they have the option for visa? ,1356586613.0,2012-12-27T05:36:53,2,2,/r/Visa/comments/15i7vs/prepaid_visa/,https://www.reddit.com/r/Visa/comments/15i7vs/prepaid_visa/
ditcw,Visa,Organizing the E3 Visa - coming to America from Australia,,1285438897.0,2010-09-25T18:21:37,0,1,/r/Visa/comments/ditcw/organizing_the_e3_visa_coming_to_america_from/,http://www.theroadtosiliconvalley.com/moving/e3-visa-australia/
